Driver,LapNumber,LapTimeSeconds,Compound,Stint,IsPitIn,IsPitOut
VER,1.0,99.51,MEDIUM,1.0,False,False
VER,2.0,114.938,MEDIUM,1.0,False,False
VER,3.0,98.051,MEDIUM,1.0,False,False
VER,4.0,89.504,MEDIUM,1.0,False,False
VER,5.0,89.813,MEDIUM,1.0,False,False
VER,6.0,89.412,MEDIUM,1.0,False,False
VER,7.0,89.885,MEDIUM,1.0,False,False
VER,8.0,89.824,MEDIUM,1.0,False,False
VER,9.0,89.445,MEDIUM,1.0,False,False
VER,10.0,90.449,MEDIUM,1.0,False,False
VER,11.0,90.395,MEDIUM,1.0,False,False
VER,12.0,90.164,MEDIUM,1.0,False,False
VER,13.0,90.178,MEDIUM,1.0,False,False
VER,14.0,90.128,MEDIUM,1.0,False,False
VER,15.0,89.876,MEDIUM,1.0,False,False
VER,16.0,90.047,MEDIUM,1.0,False,False
VER,17.0,89.909,MEDIUM,1.0,False,False
VER,18.0,89.826,MEDIUM,1.0,False,False
VER,19.0,90.076,MEDIUM,1.0,False,False
VER,20.0,90.004,MEDIUM,1.0,False,False
VER,21.0,89.695,MEDIUM,1.0,False,False
VER,22.0,89.889,MEDIUM,1.0,False,False
VER,23.0,89.939,MEDIUM,1.0,False,False
VER,24.0,89.75,MEDIUM,1.0,False,False
VER,25.0,89.852,MEDIUM,1.0,False,False
VER,26.0,90.268,MEDIUM,1.0,False,False
VER,27.0,89.897,MEDIUM,1.0,False,False
VER,28.0,90.274,MEDIUM,1.0,False,False
VER,29.0,91.857,MEDIUM,1.0,True,False
VER,30.0,119.495,HARD,2.0,False,True
VER,31.0,88.088,HARD,2.0,False,False
VER,32.0,88.528,HARD,2.0,False,False
VER,33.0,88.333,HARD,2.0,False,False
VER,34.0,88.409,HARD,2.0,False,False
VER,35.0,89.111,HARD,2.0,False,False
VER,36.0,88.557,HARD,2.0,False,False
VER,37.0,88.413,HARD,2.0,False,False
VER,38.0,88.36,HARD,2.0,False,False
VER,39.0,88.296,HARD,2.0,False,False
VER,40.0,88.345,HARD,2.0,False,False
VER,41.0,88.439,HARD,2.0,False,False
VER,42.0,88.113,HARD,2.0,False,False
VER,43.0,88.089,HARD,2.0,False,False
VER,44.0,88.501,HARD,2.0,False,False
VER,45.0,88.067,HARD,2.0,False,False
VER,46.0,88.231,HARD,2.0,False,False
VER,47.0,88.304,HARD,2.0,False,False
VER,48.0,87.893,HARD,2.0,False,False
VER,49.0,87.927,HARD,2.0,False,False
VER,50.0,87.961,HARD,2.0,False,False
VER,51.0,87.82,HARD,2.0,False,False
VER,52.0,88.047,HARD,2.0,False,False
VER,53.0,88.064,HARD,2.0,False,False
VER,54.0,88.352,HARD,2.0,False,False
VER,55.0,87.821,HARD,2.0,False,False
VER,56.0,87.765,HARD,2.0,False,False
VER,57.0,88.174,HARD,2.0,False,False
VER,58.0,88.78,HARD,2.0,False,False
GAS,1.0,93.984,MEDIUM,1.0,False,False
GAS,2.0,109.76,MEDIUM,1.0,False,False
GAS,3.0,102.837,MEDIUM,1.0,False,False
GAS,4.0,89.406,MEDIUM,1.0,False,False
GAS,5.0,89.611,MEDIUM,1.0,False,False
GAS,6.0,90.014,MEDIUM,1.0,False,False
GAS,7.0,89.744,MEDIUM,1.0,False,False
GAS,8.0,89.732,MEDIUM,1.0,False,False
GAS,9.0,89.631,MEDIUM,1.0,False,False
GAS,10.0,90.127,MEDIUM,1.0,False,False
GAS,11.0,90.072,MEDIUM,1.0,False,False
GAS,12.0,90.174,MEDIUM,1.0,False,False
GAS,13.0,90.173,MEDIUM,1.0,False,False
GAS,14.0,92.241,MEDIUM,1.0,True,False
GAS,15.0,109.784,HARD,2.0,False,True
GAS,16.0,89.927,HARD,2.0,False,False
GAS,17.0,89.986,HARD,2.0,False,False
GAS,18.0,90.123,HARD,2.0,False,False
GAS,19.0,89.567,HARD,2.0,False,False
GAS,20.0,89.562,HARD,2.0,False,False
GAS,21.0,89.725,HARD,2.0,False,False
GAS,22.0,90.627,HARD,2.0,False,False
GAS,23.0,90.137,HARD,2.0,False,False
GAS,24.0,91.144,HARD,2.0,False,False
GAS,25.0,89.75,HARD,2.0,False,False
GAS,26.0,89.688,HARD,2.0,False,False
GAS,27.0,90.381,HARD,2.0,False,False
GAS,28.0,89.596,HARD,2.0,False,False
GAS,29.0,89.409,HARD,2.0,False,False
GAS,30.0,89.251,HARD,2.0,False,False
GAS,31.0,89.563,HARD,2.0,False,False
GAS,32.0,89.647,HARD,2.0,False,False
GAS,33.0,89.516,HARD,2.0,False,False
GAS,34.0,89.431,HARD,2.0,False,False
GAS,35.0,89.5,HARD,2.0,False,False
GAS,36.0,89.321,HARD,2.0,False,False
GAS,37.0,89.212,HARD,2.0,False,False
GAS,38.0,89.506,HARD,2.0,False,False
GAS,39.0,89.321,HARD,2.0,False,False
GAS,40.0,89.372,HARD,2.0,False,False
GAS,41.0,89.504,HARD,2.0,False,False
GAS,42.0,89.998,HARD,2.0,False,False
GAS,43.0,89.453,HARD,2.0,False,False
GAS,44.0,89.379,HARD,2.0,False,False
GAS,45.0,90.401,HARD,2.0,False,False
GAS,46.0,89.65,HARD,2.0,False,False
GAS,47.0,89.523,HARD,2.0,False,False
GAS,48.0,89.434,HARD,2.0,False,False
GAS,49.0,89.493,HARD,2.0,False,False
GAS,50.0,89.606,HARD,2.0,False,False
GAS,51.0,89.571,HARD,2.0,False,False
GAS,52.0,89.65,HARD,2.0,False,False
GAS,53.0,89.676,HARD,2.0,False,False
GAS,54.0,89.447,HARD,2.0,False,False
GAS,55.0,90.172,HARD,2.0,False,False
GAS,56.0,89.541,HARD,2.0,False,False
GAS,57.0,89.936,HARD,2.0,False,False
GAS,58.0,90.865,HARD,2.0,False,False
ALO,1.0,96.166,MEDIUM,1.0,False,False
ALO,2.0,110.156,MEDIUM,1.0,False,False
ALO,3.0,102.24,MEDIUM,1.0,False,False
ALO,4.0,89.434,MEDIUM,1.0,False,False
ALO,5.0,90.084,MEDIUM,1.0,False,False
ALO,6.0,89.829,MEDIUM,1.0,False,False
ALO,7.0,89.785,MEDIUM,1.0,False,False
ALO,8.0,90.032,MEDIUM,1.0,False,False
ALO,9.0,90.085,MEDIUM,1.0,False,False
ALO,10.0,91.708,MEDIUM,1.0,False,False
ALO,11.0,91.088,MEDIUM,1.0,False,False
ALO,12.0,91.821,MEDIUM,1.0,False,False
ALO,13.0,93.244,MEDIUM,1.0,True,False
ALO,14.0,111.792,HARD,2.0,False,True
ALO,15.0,89.756,HARD,2.0,False,False
ALO,16.0,89.907,HARD,2.0,False,False
ALO,17.0,89.892,HARD,2.0,False,False
ALO,18.0,89.565,HARD,2.0,False,False
ALO,19.0,89.708,HARD,2.0,False,False
ALO,20.0,90.087,HARD,2.0,False,False
ALO,21.0,90.133,HARD,2.0,False,False
ALO,22.0,90.178,HARD,2.0,False,False
ALO,23.0,89.863,HARD,2.0,False,False
ALO,24.0,89.652,HARD,2.0,False,False
ALO,25.0,89.802,HARD,2.0,False,False
ALO,26.0,89.755,HARD,2.0,False,False
ALO,27.0,89.718,HARD,2.0,False,False
ALO,28.0,89.672,HARD,2.0,False,False
ALO,29.0,89.828,HARD,2.0,False,False
ALO,30.0,89.9,HARD,2.0,False,False
ALO,31.0,89.874,HARD,2.0,False,False
ALO,32.0,89.986,HARD,2.0,False,False
ALO,33.0,89.839,HARD,2.0,False,False
ALO,34.0,89.65,HARD,2.0,False,False
ALO,35.0,90.225,HARD,2.0,False,False
ALO,36.0,90.419,HARD,2.0,False,False
ALO,37.0,91.999,HARD,2.0,True,False
ALO,38.0,109.629,HARD,3.0,False,True
ALO,39.0,88.735,HARD,3.0,False,False
ALO,40.0,88.937,HARD,3.0,False,False
ALO,41.0,88.402,HARD,3.0,False,False
ALO,42.0,88.379,HARD,3.0,False,False
ALO,43.0,88.729,HARD,3.0,False,False
ALO,44.0,89.066,HARD,3.0,False,False
ALO,45.0,88.238,HARD,3.0,False,False
ALO,46.0,88.583,HARD,3.0,False,False
ALO,47.0,88.231,HARD,3.0,False,False
ALO,48.0,87.997,HARD,3.0,False,False
ALO,49.0,88.372,HARD,3.0,False,False
ALO,50.0,88.709,HARD,3.0,False,False
ALO,51.0,87.948,HARD,3.0,False,False
ALO,52.0,88.277,HARD,3.0,False,False
ALO,53.0,88.231,HARD,3.0,False,False
ALO,54.0,88.214,HARD,3.0,False,False
ALO,55.0,88.281,HARD,3.0,False,False
ALO,56.0,88.276,HARD,3.0,False,False
ALO,57.0,88.937,HARD,3.0,False,False
ALO,58.0,88.621,HARD,3.0,False,False
LEC,1.0,97.644,MEDIUM,1.0,False,False
LEC,2.0,113.013,MEDIUM,1.0,False,False
LEC,3.0,99.656,MEDIUM,1.0,False,False
LEC,4.0,89.273,MEDIUM,1.0,False,False
LEC,5.0,89.753,MEDIUM,1.0,False,False
LEC,6.0,89.997,MEDIUM,1.0,False,False
LEC,7.0,89.538,MEDIUM,1.0,False,False
LEC,8.0,89.784,MEDIUM,1.0,False,False
LEC,9.0,89.913,MEDIUM,1.0,False,False
LEC,10.0,90.008,MEDIUM,1.0,False,False
LEC,11.0,90.268,MEDIUM,1.0,False,False
LEC,12.0,89.507,MEDIUM,1.0,False,False
LEC,13.0,89.834,MEDIUM,1.0,False,False
LEC,14.0,89.516,MEDIUM,1.0,False,False
LEC,15.0,89.675,MEDIUM,1.0,False,False
LEC,16.0,89.82,MEDIUM,1.0,False,False
LEC,17.0,89.57,MEDIUM,1.0,False,False
LEC,18.0,89.841,MEDIUM,1.0,False,False
LEC,19.0,90.082,MEDIUM,1.0,False,False
LEC,20.0,92.189,MEDIUM,1.0,True,False
LEC,21.0,108.662,HARD,2.0,False,True
LEC,22.0,89.802,HARD,2.0,False,False
LEC,23.0,90.437,HARD,2.0,False,False
LEC,24.0,89.185,HARD,2.0,False,False
LEC,25.0,88.912,HARD,2.0,False,False
LEC,26.0,89.084,HARD,2.0,False,False
LEC,27.0,88.873,HARD,2.0,False,False
LEC,28.0,88.443,HARD,2.0,False,False
LEC,29.0,88.56,HARD,2.0,False,False
LEC,30.0,88.609,HARD,2.0,False,False
LEC,31.0,88.485,HARD,2.0,False,False
LEC,32.0,88.536,HARD,2.0,False,False
LEC,33.0,88.518,HARD,2.0,False,False
LEC,34.0,88.536,HARD,2.0,False,False
LEC,35.0,88.312,HARD,2.0,False,False
LEC,36.0,88.09,HARD,2.0,False,False
LEC,37.0,88.305,HARD,2.0,False,False
LEC,38.0,88.189,HARD,2.0,False,False
LEC,39.0,88.135,HARD,2.0,False,False
LEC,40.0,88.565,HARD,2.0,False,False
LEC,41.0,88.403,HARD,2.0,False,False
LEC,42.0,88.49,HARD,2.0,False,False
LEC,43.0,88.571,HARD,2.0,False,False
LEC,44.0,88.743,HARD,2.0,False,False
LEC,45.0,88.312,HARD,2.0,False,False
LEC,46.0,88.303,HARD,2.0,False,False
LEC,47.0,88.252,HARD,2.0,False,False
LEC,48.0,88.171,HARD,2.0,False,False
LEC,49.0,88.36,HARD,2.0,False,False
LEC,50.0,88.213,HARD,2.0,False,False
LEC,51.0,88.018,HARD,2.0,False,False
LEC,52.0,88.455,HARD,2.0,False,False
LEC,53.0,88.518,HARD,2.0,False,False
LEC,54.0,88.47,HARD,2.0,False,False
LEC,55.0,88.387,HARD,2.0,False,False
LEC,56.0,88.22,HARD,2.0,False,False
LEC,57.0,88.296,HARD,2.0,False,False
LEC,58.0,89.918,HARD,2.0,False,False
STR,1.0,98.324,MEDIUM,1.0,False,False
STR,2.0,113.356,MEDIUM,1.0,False,False
STR,3.0,99.525,MEDIUM,1.0,False,False
STR,4.0,89.685,MEDIUM,1.0,False,False
STR,5.0,90.05,MEDIUM,1.0,False,False
STR,6.0,91.119,MEDIUM,1.0,False,False
STR,7.0,90.19,MEDIUM,1.0,False,False
STR,8.0,90.467,MEDIUM,1.0,False,False
STR,9.0,90.505,MEDIUM,1.0,False,False
STR,10.0,90.836,MEDIUM,1.0,False,False
STR,11.0,92.854,MEDIUM,1.0,True,False
STR,12.0,111.685,HARD,2.0,False,True
STR,13.0,89.88,HARD,2.0,False,False
STR,14.0,90.544,HARD,2.0,False,False
STR,15.0,89.963,HARD,2.0,False,False
STR,16.0,90.032,HARD,2.0,False,False
STR,17.0,89.772,HARD,2.0,False,False
STR,18.0,89.744,HARD,2.0,False,False
STR,19.0,90.074,HARD,2.0,False,False
STR,20.0,90.375,HARD,2.0,False,False
STR,21.0,90.348,HARD,2.0,False,False
STR,22.0,90.376,HARD,2.0,False,False
STR,23.0,90.297,HARD,2.0,False,False
STR,24.0,90.425,HARD,2.0,False,False
STR,25.0,90.24,HARD,2.0,False,False
STR,26.0,90.185,HARD,2.0,False,False
STR,27.0,90.163,HARD,2.0,False,False
STR,28.0,90.32,HARD,2.0,False,False
STR,29.0,90.162,HARD,2.0,False,False
STR,30.0,90.13,HARD,2.0,False,False
STR,31.0,90.696,HARD,2.0,False,False
STR,32.0,92.228,HARD,2.0,True,False
STR,33.0,110.047,HARD,3.0,False,True
STR,34.0,89.589,HARD,3.0,False,False
STR,35.0,89.398,HARD,3.0,False,False
STR,36.0,88.853,HARD,3.0,False,False
STR,37.0,88.798,HARD,3.0,False,False
STR,38.0,89.877,HARD,3.0,False,False
STR,39.0,89.453,HARD,3.0,False,False
STR,40.0,89.037,HARD,3.0,False,False
STR,41.0,88.995,HARD,3.0,False,False
STR,42.0,88.604,HARD,3.0,False,False
STR,43.0,88.804,HARD,3.0,False,False
STR,44.0,88.731,HARD,3.0,False,False
STR,45.0,88.777,HARD,3.0,False,False
STR,46.0,89.006,HARD,3.0,False,False
STR,47.0,88.794,HARD,3.0,False,False
STR,48.0,88.831,HARD,3.0,False,False
STR,49.0,90.413,HARD,3.0,False,False
STR,50.0,89.244,HARD,3.0,False,False
STR,51.0,89.847,HARD,3.0,False,False
STR,52.0,90.945,HARD,3.0,False,False
STR,53.0,89.525,HARD,3.0,False,False
STR,54.0,89.568,HARD,3.0,False,False
STR,55.0,88.618,HARD,3.0,False,False
STR,56.0,89.126,HARD,3.0,False,False
STR,57.0,89.334,HARD,3.0,False,False
MAG,1.0,96.949,MEDIUM,1.0,False,False
MAG,2.0,110.197,MEDIUM,1.0,False,False
MAG,3.0,102.283,MEDIUM,1.0,False,False
MAG,4.0,89.202,MEDIUM,1.0,False,False
MAG,5.0,90.04,MEDIUM,1.0,False,False
MAG,6.0,90.186,MEDIUM,1.0,False,False
MAG,7.0,91.078,MEDIUM,1.0,False,False
MAG,8.0,90.423,MEDIUM,1.0,False,False
MAG,9.0,91.089,MEDIUM,1.0,False,False
MAG,10.0,91.035,MEDIUM,1.0,False,False
MAG,11.0,90.943,MEDIUM,1.0,False,False
MAG,12.0,92.565,MEDIUM,1.0,True,False
MAG,13.0,113.873,HARD,2.0,False,True
MAG,14.0,89.826,HARD,2.0,False,False
MAG,15.0,89.899,HARD,2.0,False,False
MAG,16.0,90.014,HARD,2.0,False,False
MAG,17.0,89.941,HARD,2.0,False,False
MAG,18.0,89.837,HARD,2.0,False,False
MAG,19.0,90.041,HARD,2.0,False,False
MAG,20.0,90.819,HARD,2.0,False,False
MAG,21.0,90.025,HARD,2.0,False,False
MAG,22.0,90.25,HARD,2.0,False,False
MAG,23.0,90.293,HARD,2.0,False,False
MAG,24.0,90.352,HARD,2.0,False,False
MAG,25.0,90.418,HARD,2.0,False,False
MAG,26.0,90.514,HARD,2.0,False,False
MAG,27.0,90.623,HARD,2.0,False,False
MAG,28.0,90.42,HARD,2.0,False,False
MAG,29.0,91.849,HARD,2.0,True,False
MAG,30.0,121.98,HARD,3.0,True,True
MAG,31.0,112.368,SOFT,4.0,False,True
MAG,32.0,87.235,SOFT,4.0,False,False
MAG,33.0,89.175,SOFT,4.0,False,False
MAG,34.0,89.457,SOFT,4.0,False,False
MAG,35.0,89.382,SOFT,4.0,False,False
MAG,36.0,89.176,SOFT,4.0,False,False
MAG,37.0,88.996,SOFT,4.0,False,False
MAG,38.0,88.655,SOFT,4.0,False,False
MAG,39.0,88.842,SOFT,4.0,False,False
MAG,40.0,88.917,SOFT,4.0,False,False
MAG,41.0,88.637,SOFT,4.0,False,False
MAG,42.0,89.086,SOFT,4.0,False,False
MAG,43.0,88.89,SOFT,4.0,False,False
MAG,44.0,91.131,SOFT,4.0,False,False
MAG,45.0,89.632,SOFT,4.0,False,False
MAG,46.0,89.66,SOFT,4.0,False,False
MAG,47.0,90.841,SOFT,4.0,False,False
MAG,48.0,90.029,SOFT,4.0,False,False
MAG,49.0,90.332,SOFT,4.0,False,False
MAG,50.0,91.11,SOFT,4.0,False,False
MAG,51.0,90.043,SOFT,4.0,False,False
MAG,52.0,90.322,SOFT,4.0,False,False
MAG,53.0,90.215,SOFT,4.0,False,False
MAG,54.0,91.204,SOFT,4.0,False,False
MAG,55.0,91.958,SOFT,4.0,True,False
MAG,56.0,112.994,SOFT,5.0,False,True
MAG,57.0,85.637,SOFT,5.0,False,False
TSU,1.0,102.007,MEDIUM,1.0,False,False
TSU,2.0,121.592,MEDIUM,1.0,False,False
TSU,3.0,94.821,MEDIUM,1.0,False,False
TSU,4.0,90.115,MEDIUM,1.0,False,False
TSU,5.0,90.343,MEDIUM,1.0,False,False
TSU,6.0,90.747,MEDIUM,1.0,False,False
TSU,7.0,90.436,MEDIUM,1.0,False,False
TSU,8.0,90.392,MEDIUM,1.0,False,False
TSU,9.0,90.656,MEDIUM,1.0,False,False
TSU,10.0,90.79,MEDIUM,1.0,False,False
TSU,11.0,90.835,MEDIUM,1.0,False,False
TSU,12.0,90.675,MEDIUM,1.0,False,False
TSU,13.0,90.727,MEDIUM,1.0,False,False
TSU,14.0,90.916,MEDIUM,1.0,False,False
TSU,15.0,90.686,MEDIUM,1.0,False,False
TSU,16.0,90.714,MEDIUM,1.0,False,False
TSU,17.0,92.003,MEDIUM,1.0,False,False
TSU,18.0,91.196,MEDIUM,1.0,False,False
TSU,19.0,91.681,MEDIUM,1.0,False,False
TSU,20.0,91.265,MEDIUM,1.0,False,False
TSU,21.0,91.218,MEDIUM,1.0,False,False
TSU,22.0,92.597,MEDIUM,1.0,True,False
TSU,23.0,110.323,HARD,2.0,False,True
TSU,24.0,89.905,HARD,2.0,False,False
TSU,25.0,89.911,HARD,2.0,False,False
TSU,26.0,89.863,HARD,2.0,False,False
TSU,27.0,89.703,HARD,2.0,False,False
TSU,28.0,89.775,HARD,2.0,False,False
TSU,29.0,89.582,HARD,2.0,False,False
TSU,30.0,89.511,HARD,2.0,False,False
TSU,31.0,89.757,HARD,2.0,False,False
TSU,32.0,89.904,HARD,2.0,False,False
TSU,33.0,89.741,HARD,2.0,False,False
TSU,34.0,89.566,HARD,2.0,False,False
TSU,35.0,89.49,HARD,2.0,False,False
TSU,36.0,89.335,HARD,2.0,False,False
TSU,37.0,89.626,HARD,2.0,False,False
TSU,38.0,89.462,HARD,2.0,False,False
TSU,39.0,89.26,HARD,2.0,False,False
TSU,40.0,89.567,HARD,2.0,False,False
TSU,41.0,89.2,HARD,2.0,False,False
TSU,42.0,89.348,HARD,2.0,False,False
TSU,43.0,89.412,HARD,2.0,False,False
TSU,44.0,89.432,HARD,2.0,False,False
TSU,45.0,90.557,HARD,2.0,False,False
TSU,46.0,89.8,HARD,2.0,False,False
TSU,47.0,89.505,HARD,2.0,False,False
TSU,48.0,90.439,HARD,2.0,False,False
TSU,49.0,89.671,HARD,2.0,False,False
TSU,50.0,91.091,HARD,2.0,False,False
TSU,51.0,89.772,HARD,2.0,False,False
TSU,52.0,89.308,HARD,2.0,False,False
TSU,53.0,91.043,HARD,2.0,False,False
TSU,54.0,89.543,HARD,2.0,False,False
TSU,55.0,90.255,HARD,2.0,False,False
TSU,56.0,89.429,HARD,2.0,False,False
TSU,57.0,89.531,HARD,2.0,False,False
ALB,1.0,101.19,MEDIUM,1.0,False,False
ALB,2.0,120.191,MEDIUM,1.0,False,False
ALB,3.0,95.776,MEDIUM,1.0,False,False
ALB,4.0,90.06,MEDIUM,1.0,False,False
ALB,5.0,90.369,MEDIUM,1.0,False,False
ALB,6.0,90.815,MEDIUM,1.0,False,False
ALB,7.0,90.317,MEDIUM,1.0,False,False
ALB,8.0,90.705,MEDIUM,1.0,False,False
ALB,9.0,90.469,MEDIUM,1.0,False,False
ALB,10.0,90.748,MEDIUM,1.0,False,False
ALB,11.0,90.758,MEDIUM,1.0,False,False
ALB,12.0,92.201,MEDIUM,1.0,True,False
ALB,13.0,109.973,HARD,2.0,False,True
ALB,14.0,89.897,HARD,2.0,False,False
ALB,15.0,89.994,HARD,2.0,False,False
ALB,16.0,89.927,HARD,2.0,False,False
ALB,17.0,89.711,HARD,2.0,False,False
ALB,18.0,89.854,HARD,2.0,False,False
ALB,19.0,90.012,HARD,2.0,False,False
ALB,20.0,90.183,HARD,2.0,False,False
ALB,21.0,90.23,HARD,2.0,False,False
ALB,22.0,90.183,HARD,2.0,False,False
ALB,23.0,89.987,HARD,2.0,False,False
ALB,24.0,89.99,HARD,2.0,False,False
ALB,25.0,90.095,HARD,2.0,False,False
ALB,26.0,90.197,HARD,2.0,False,False
ALB,27.0,90.326,HARD,2.0,False,False
ALB,28.0,90.058,HARD,2.0,False,False
ALB,29.0,90.082,HARD,2.0,False,False
ALB,30.0,89.835,HARD,2.0,False,False
ALB,31.0,90.108,HARD,2.0,False,False
ALB,32.0,89.837,HARD,2.0,False,False
ALB,33.0,89.712,HARD,2.0,False,False
ALB,34.0,89.768,HARD,2.0,False,False
ALB,35.0,89.683,HARD,2.0,False,False
ALB,36.0,89.539,HARD,2.0,False,False
ALB,37.0,89.576,HARD,2.0,False,False
ALB,38.0,89.589,HARD,2.0,False,False
ALB,39.0,89.536,HARD,2.0,False,False
ALB,40.0,89.549,HARD,2.0,False,False
ALB,41.0,89.471,HARD,2.0,False,False
ALB,42.0,89.615,HARD,2.0,False,False
ALB,43.0,89.696,HARD,2.0,False,False
ALB,44.0,89.622,HARD,2.0,False,False
ALB,45.0,89.475,HARD,2.0,False,False
ALB,46.0,89.438,HARD,2.0,False,False
ALB,47.0,89.471,HARD,2.0,False,False
ALB,48.0,90.058,HARD,2.0,False,False
ALB,49.0,89.944,HARD,2.0,False,False
ALB,50.0,89.699,HARD,2.0,False,False
ALB,51.0,90.973,HARD,2.0,False,False
ALB,52.0,90.136,HARD,2.0,False,False
ALB,53.0,91.212,HARD,2.0,False,False
ALB,54.0,91.529,HARD,2.0,False,False
ALB,55.0,90.406,HARD,2.0,False,False
ALB,56.0,91.909,HARD,2.0,False,False
ALB,57.0,90.858,HARD,2.0,False,False
ZHO,1.0,100.718,MEDIUM,1.0,False,False
ZHO,2.0,119.827,MEDIUM,1.0,False,False
ZHO,3.0,95.927,MEDIUM,1.0,False,False
ZHO,4.0,89.966,MEDIUM,1.0,False,False
ZHO,5.0,90.462,MEDIUM,1.0,False,False
ZHO,6.0,89.914,MEDIUM,1.0,False,False
ZHO,7.0,90.541,MEDIUM,1.0,False,False
ZHO,8.0,90.298,MEDIUM,1.0,False,False
ZHO,9.0,90.42,MEDIUM,1.0,False,False
ZHO,10.0,90.523,MEDIUM,1.0,False,False
ZHO,11.0,90.808,MEDIUM,1.0,False,False
ZHO,12.0,92.863,MEDIUM,1.0,True,False
ZHO,13.0,112.329,HARD,2.0,False,True
ZHO,14.0,90.128,HARD,2.0,False,False
ZHO,15.0,90.086,HARD,2.0,False,False
ZHO,16.0,90.136,HARD,2.0,False,False
ZHO,17.0,90.264,HARD,2.0,False,False
ZHO,18.0,90.04,HARD,2.0,False,False
ZHO,19.0,90.017,HARD,2.0,False,False
ZHO,20.0,89.984,HARD,2.0,False,False
ZHO,21.0,89.928,HARD,2.0,False,False
ZHO,22.0,90.298,HARD,2.0,False,False
ZHO,23.0,89.946,HARD,2.0,False,False
ZHO,24.0,89.935,HARD,2.0,False,False
ZHO,25.0,90.31,HARD,2.0,False,False
ZHO,26.0,90.126,HARD,2.0,False,False
ZHO,27.0,90.238,HARD,2.0,False,False
ZHO,28.0,90.148,HARD,2.0,False,False
ZHO,29.0,90.244,HARD,2.0,False,False
ZHO,30.0,90.241,HARD,2.0,False,False
ZHO,31.0,90.609,HARD,2.0,False,False
ZHO,32.0,90.212,HARD,2.0,False,False
ZHO,33.0,90.014,HARD,2.0,False,False
ZHO,34.0,89.912,HARD,2.0,False,False
ZHO,35.0,89.834,HARD,2.0,False,False
ZHO,36.0,89.753,HARD,2.0,False,False
ZHO,37.0,89.708,HARD,2.0,False,False
ZHO,38.0,89.736,HARD,2.0,False,False
ZHO,39.0,91.75,HARD,2.0,True,False
ZHO,40.0,116.496,HARD,3.0,False,True
ZHO,41.0,88.255,HARD,3.0,False,False
ZHO,42.0,88.303,HARD,3.0,False,False
ZHO,43.0,88.69,HARD,3.0,False,False
ZHO,44.0,88.678,HARD,3.0,False,False
ZHO,45.0,88.689,HARD,3.0,False,False
ZHO,46.0,88.862,HARD,3.0,False,False
ZHO,47.0,88.682,HARD,3.0,False,False
ZHO,48.0,88.619,HARD,3.0,False,False
ZHO,49.0,89.096,HARD,3.0,False,False
ZHO,50.0,90.162,HARD,3.0,False,False
ZHO,51.0,88.732,HARD,3.0,False,False
ZHO,52.0,88.23,HARD,3.0,False,False
ZHO,53.0,88.483,HARD,3.0,False,False
ZHO,54.0,88.022,HARD,3.0,False,False
ZHO,55.0,88.047,HARD,3.0,False,False
ZHO,56.0,87.982,HARD,3.0,False,False
ZHO,57.0,88.374,HARD,3.0,False,False
HUL,1.0,95.498,MEDIUM,1.0,False,False
HUL,2.0,109.887,MEDIUM,1.0,False,False
HUL,3.0,102.689,MEDIUM,1.0,False,False
HUL,4.0,89.348,MEDIUM,1.0,False,False
HUL,5.0,89.968,MEDIUM,1.0,False,False
HUL,6.0,89.787,MEDIUM,1.0,False,False
HUL,7.0,89.76,MEDIUM,1.0,False,False
HUL,8.0,90.089,MEDIUM,1.0,False,False
HUL,9.0,89.959,MEDIUM,1.0,False,False
HUL,10.0,90.401,MEDIUM,1.0,False,False
HUL,11.0,90.744,MEDIUM,1.0,False,False
HUL,12.0,91.288,MEDIUM,1.0,False,False
HUL,13.0,92.49,MEDIUM,1.0,True,False
HUL,14.0,109.649,HARD,2.0,False,True
HUL,15.0,89.786,HARD,2.0,False,False
HUL,16.0,89.985,HARD,2.0,False,False
HUL,17.0,89.152,HARD,2.0,False,False
HUL,18.0,89.806,HARD,2.0,False,False
HUL,19.0,89.496,HARD,2.0,False,False
HUL,20.0,89.872,HARD,2.0,False,False
HUL,21.0,89.891,HARD,2.0,False,False
HUL,22.0,90.1,HARD,2.0,False,False
HUL,23.0,89.987,HARD,2.0,False,False
HUL,24.0,90.006,HARD,2.0,False,False
HUL,25.0,90.113,HARD,2.0,False,False
HUL,26.0,89.715,HARD,2.0,False,False
HUL,27.0,89.808,HARD,2.0,False,False
HUL,28.0,89.572,HARD,2.0,False,False
HUL,29.0,89.784,HARD,2.0,False,False
HUL,30.0,89.322,HARD,2.0,False,False
HUL,31.0,89.727,HARD,2.0,False,False
HUL,32.0,89.676,HARD,2.0,False,False
HUL,33.0,89.331,HARD,2.0,False,False
HUL,34.0,89.535,HARD,2.0,False,False
HUL,35.0,89.358,HARD,2.0,False,False
HUL,36.0,89.457,HARD,2.0,False,False
HUL,37.0,89.277,HARD,2.0,False,False
HUL,38.0,89.682,HARD,2.0,False,False
HUL,39.0,89.234,HARD,2.0,False,False
HUL,40.0,90.404,HARD,2.0,False,False
HUL,41.0,89.416,HARD,2.0,False,False
HUL,42.0,89.379,HARD,2.0,False,False
HUL,43.0,90.47,HARD,2.0,False,False
HUL,44.0,89.595,HARD,2.0,False,False
HUL,45.0,89.756,HARD,2.0,False,False
HUL,46.0,89.592,HARD,2.0,False,False
HUL,47.0,89.331,HARD,2.0,False,False
HUL,48.0,89.573,HARD,2.0,False,False
HUL,49.0,89.359,HARD,2.0,False,False
HUL,50.0,89.595,HARD,2.0,False,False
HUL,51.0,89.448,HARD,2.0,False,False
HUL,52.0,89.518,HARD,2.0,False,False
HUL,53.0,90.107,HARD,2.0,False,False
HUL,54.0,89.819,HARD,2.0,False,False
HUL,55.0,89.939,HARD,2.0,False,False
HUL,56.0,89.991,HARD,2.0,False,False
HUL,57.0,90.284,HARD,2.0,False,False
HUL,58.0,90.04,HARD,2.0,False,False
LAW,1.0,99.017,MEDIUM,1.0,False,False
LAW,2.0,114.148,MEDIUM,1.0,False,False
LAW,3.0,100.324,MEDIUM,1.0,False,False
LAW,4.0,89.738,MEDIUM,1.0,False,False
LAW,5.0,89.869,MEDIUM,1.0,False,False
LAW,6.0,90.563,MEDIUM,1.0,False,False
LAW,7.0,90.264,MEDIUM,1.0,False,False
LAW,8.0,90.345,MEDIUM,1.0,False,False
LAW,9.0,90.303,MEDIUM,1.0,False,False
LAW,10.0,90.759,MEDIUM,1.0,False,False
LAW,11.0,90.989,MEDIUM,1.0,False,False
LAW,12.0,91.887,MEDIUM,1.0,False,False
LAW,13.0,91.234,MEDIUM,1.0,False,False
LAW,14.0,90.795,MEDIUM,1.0,False,False
LAW,15.0,90.46,MEDIUM,1.0,False,False
LAW,16.0,90.62,MEDIUM,1.0,False,False
LAW,17.0,90.556,MEDIUM,1.0,False,False
LAW,18.0,90.723,MEDIUM,1.0,False,False
LAW,19.0,90.896,MEDIUM,1.0,False,False
LAW,20.0,90.725,MEDIUM,1.0,False,False
LAW,21.0,90.796,MEDIUM,1.0,False,False
LAW,22.0,91.167,MEDIUM,1.0,False,False
LAW,23.0,94.497,MEDIUM,1.0,True,False
LAW,24.0,116.467,HARD,2.0,True,True
LAW,25.0,110.532,HARD,3.0,False,True
LAW,26.0,89.611,HARD,3.0,False,False
LAW,27.0,89.637,HARD,3.0,False,False
LAW,28.0,89.585,HARD,3.0,False,False
LAW,29.0,92.322,HARD,3.0,True,False
LAW,30.0,123.413,HARD,4.0,False,True
LAW,31.0,89.599,HARD,4.0,False,False
LAW,32.0,89.434,HARD,4.0,False,False
LAW,33.0,89.25,HARD,4.0,False,False
LAW,34.0,89.315,HARD,4.0,False,False
LAW,35.0,89.143,HARD,4.0,False,False
LAW,36.0,89.307,HARD,4.0,False,False
LAW,37.0,89.562,HARD,4.0,False,False
LAW,38.0,89.492,HARD,4.0,False,False
LAW,39.0,89.459,HARD,4.0,False,False
LAW,40.0,89.195,HARD,4.0,False,False
LAW,41.0,89.079,HARD,4.0,False,False
LAW,42.0,88.994,HARD,4.0,False,False
LAW,43.0,91.416,HARD,4.0,False,False
LAW,44.0,89.297,HARD,4.0,False,False
LAW,45.0,89.188,HARD,4.0,False,False
LAW,46.0,89.048,HARD,4.0,False,False
LAW,47.0,91.416,HARD,4.0,False,False
LAW,48.0,89.587,HARD,4.0,False,False
LAW,49.0,89.558,HARD,4.0,False,False
LAW,50.0,88.851,HARD,4.0,False,False
LAW,51.0,88.96,HARD,4.0,False,False
LAW,52.0,88.751,HARD,4.0,False,False
LAW,53.0,88.803,HARD,4.0,False,False
LAW,54.0,88.819,HARD,4.0,False,False
LAW,55.0,89.184,HARD,4.0,False,False
NOR,1.0,91.142,MEDIUM,1.0,False,False
NOR,2.0,108.349,MEDIUM,1.0,False,False
NOR,3.0,103.313,MEDIUM,1.0,False,False
NOR,4.0,89.01,MEDIUM,1.0,False,False
NOR,5.0,89.104,MEDIUM,1.0,False,False
NOR,6.0,89.361,MEDIUM,1.0,False,False
NOR,7.0,89.024,MEDIUM,1.0,False,False
NOR,8.0,88.86,MEDIUM,1.0,False,False
NOR,9.0,89.007,MEDIUM,1.0,False,False
NOR,10.0,89.244,MEDIUM,1.0,False,False
NOR,11.0,89.128,MEDIUM,1.0,False,False
NOR,12.0,89.084,MEDIUM,1.0,False,False
NOR,13.0,89.272,MEDIUM,1.0,False,False
NOR,14.0,89.039,MEDIUM,1.0,False,False
NOR,15.0,89.07,MEDIUM,1.0,False,False
NOR,16.0,88.951,MEDIUM,1.0,False,False
NOR,17.0,88.955,MEDIUM,1.0,False,False
NOR,18.0,89.222,MEDIUM,1.0,False,False
NOR,19.0,89.139,MEDIUM,1.0,False,False
NOR,20.0,89.213,MEDIUM,1.0,False,False
NOR,21.0,89.133,MEDIUM,1.0,False,False
NOR,22.0,89.189,MEDIUM,1.0,False,False
NOR,23.0,89.262,MEDIUM,1.0,False,False
NOR,24.0,89.484,MEDIUM,1.0,False,False
NOR,25.0,89.21,MEDIUM,1.0,False,False
NOR,26.0,91.567,MEDIUM,1.0,True,False
NOR,27.0,107.513,HARD,2.0,False,True
NOR,28.0,88.325,HARD,2.0,False,False
NOR,29.0,88.439,HARD,2.0,False,False
NOR,30.0,88.235,HARD,2.0,False,False
NOR,31.0,88.362,HARD,2.0,False,False
NOR,32.0,88.414,HARD,2.0,False,False
NOR,33.0,88.126,HARD,2.0,False,False
NOR,34.0,88.108,HARD,2.0,False,False
NOR,35.0,87.974,HARD,2.0,False,False
NOR,36.0,87.875,HARD,2.0,False,False
NOR,37.0,88.076,HARD,2.0,False,False
NOR,38.0,87.907,HARD,2.0,False,False
NOR,39.0,87.76,HARD,2.0,False,False
NOR,40.0,87.707,HARD,2.0,False,False
NOR,41.0,87.857,HARD,2.0,False,False
NOR,42.0,88.162,HARD,2.0,False,False
NOR,43.0,88.002,HARD,2.0,False,False
NOR,44.0,87.962,HARD,2.0,False,False
NOR,45.0,88.055,HARD,2.0,False,False
NOR,46.0,88.078,HARD,2.0,False,False
NOR,47.0,88.237,HARD,2.0,False,False
NOR,48.0,88.205,HARD,2.0,False,False
NOR,49.0,88.371,HARD,2.0,False,False
NOR,50.0,88.128,HARD,2.0,False,False
NOR,51.0,87.867,HARD,2.0,False,False
NOR,52.0,87.438,HARD,2.0,False,False
NOR,53.0,87.52,HARD,2.0,False,False
NOR,54.0,88.124,HARD,2.0,False,False
NOR,55.0,87.647,HARD,2.0,False,False
NOR,56.0,87.698,HARD,2.0,False,False
NOR,57.0,87.929,HARD,2.0,False,False
NOR,58.0,89.858,HARD,2.0,False,False
COL,1.0,102.506,MEDIUM,1.0,False,False
COL,2.0,122.028,MEDIUM,1.0,False,False
COL,3.0,130.71,MEDIUM,1.0,True,False
COL,4.0,115.146,HARD,2.0,False,True
COL,5.0,89.411,HARD,2.0,False,False
COL,6.0,89.861,HARD,2.0,False,False
COL,7.0,90.034,HARD,2.0,False,False
COL,8.0,90.27,HARD,2.0,False,False
COL,9.0,89.938,HARD,2.0,False,False
COL,10.0,90.4,HARD,2.0,False,False
COL,11.0,90.459,HARD,2.0,False,False
COL,12.0,90.208,HARD,2.0,False,False
COL,13.0,90.26,HARD,2.0,False,False
COL,14.0,92.731,HARD,2.0,False,False
COL,15.0,92.892,HARD,2.0,False,False
COL,16.0,90.464,HARD,2.0,False,False
COL,17.0,90.197,HARD,2.0,False,False
COL,18.0,90.259,HARD,2.0,False,False
COL,19.0,90.441,HARD,2.0,False,False
COL,20.0,90.066,HARD,2.0,False,False
COL,21.0,90.149,HARD,2.0,False,False
COL,22.0,90.317,HARD,2.0,False,False
COL,23.0,90.387,HARD,2.0,False,False
COL,24.0,90.528,HARD,2.0,False,False
COL,25.0,90.254,HARD,2.0,False,False
COL,26.0,100.514,HARD,2.0,True,False
HAM,1.0,99.884,HARD,1.0,False,False
HAM,2.0,116.731,HARD,1.0,False,False
HAM,3.0,97.736,HARD,1.0,False,False
HAM,4.0,89.666,HARD,1.0,False,False
HAM,5.0,89.733,HARD,1.0,False,False
HAM,6.0,90.693,HARD,1.0,False,False
HAM,7.0,90.355,HARD,1.0,False,False
HAM,8.0,90.218,HARD,1.0,False,False
HAM,9.0,90.296,HARD,1.0,False,False
HAM,10.0,90.655,HARD,1.0,False,False
HAM,11.0,91.066,HARD,1.0,False,False
HAM,12.0,89.955,HARD,1.0,False,False
HAM,13.0,90.28,HARD,1.0,False,False
HAM,14.0,90.038,HARD,1.0,False,False
HAM,15.0,89.872,HARD,1.0,False,False
HAM,16.0,89.966,HARD,1.0,False,False
HAM,17.0,89.637,HARD,1.0,False,False
HAM,18.0,89.756,HARD,1.0,False,False
HAM,19.0,89.849,HARD,1.0,False,False
HAM,20.0,89.807,HARD,1.0,False,False
HAM,21.0,89.719,HARD,1.0,False,False
HAM,22.0,89.655,HARD,1.0,False,False
HAM,23.0,89.787,HARD,1.0,False,False
HAM,24.0,89.698,HARD,1.0,False,False
HAM,25.0,89.616,HARD,1.0,False,False
HAM,26.0,89.833,HARD,1.0,False,False
HAM,27.0,89.844,HARD,1.0,False,False
HAM,28.0,89.481,HARD,1.0,False,False
HAM,29.0,89.756,HARD,1.0,False,False
HAM,30.0,89.486,HARD,1.0,False,False
HAM,31.0,89.714,HARD,1.0,False,False
HAM,32.0,89.802,HARD,1.0,False,False
HAM,33.0,89.589,HARD,1.0,False,False
HAM,34.0,91.792,HARD,1.0,True,False
HAM,35.0,108.722,MEDIUM,2.0,False,True
HAM,36.0,87.803,MEDIUM,2.0,False,False
HAM,37.0,87.741,MEDIUM,2.0,False,False
HAM,38.0,88.061,MEDIUM,2.0,False,False
HAM,39.0,88.001,MEDIUM,2.0,False,False
HAM,40.0,87.726,MEDIUM,2.0,False,False
HAM,41.0,88.653,MEDIUM,2.0,False,False
HAM,42.0,87.692,MEDIUM,2.0,False,False
HAM,43.0,87.556,MEDIUM,2.0,False,False
HAM,44.0,87.278,MEDIUM,2.0,False,False
HAM,45.0,87.629,MEDIUM,2.0,False,False
HAM,46.0,87.571,MEDIUM,2.0,False,False
HAM,47.0,87.586,MEDIUM,2.0,False,False
HAM,48.0,87.727,MEDIUM,2.0,False,False
HAM,49.0,87.49,MEDIUM,2.0,False,False
HAM,50.0,87.735,MEDIUM,2.0,False,False
HAM,51.0,87.319,MEDIUM,2.0,False,False
HAM,52.0,87.799,MEDIUM,2.0,False,False
HAM,53.0,87.707,MEDIUM,2.0,False,False
HAM,54.0,87.342,MEDIUM,2.0,False,False
HAM,55.0,87.398,MEDIUM,2.0,False,False
HAM,56.0,87.738,MEDIUM,2.0,False,False
HAM,57.0,87.751,MEDIUM,2.0,False,False
HAM,58.0,87.784,MEDIUM,2.0,False,False
SAI,1.0,92.999,MEDIUM,1.0,False,False
SAI,2.0,109.77,MEDIUM,1.0,False,False
SAI,3.0,102.795,MEDIUM,1.0,False,False
SAI,4.0,88.995,MEDIUM,1.0,False,False
SAI,5.0,89.25,MEDIUM,1.0,False,False
SAI,6.0,89.253,MEDIUM,1.0,False,False
SAI,7.0,89.063,MEDIUM,1.0,False,False
SAI,8.0,89.202,MEDIUM,1.0,False,False
SAI,9.0,89.187,MEDIUM,1.0,False,False
SAI,10.0,89.32,MEDIUM,1.0,False,False
SAI,11.0,89.246,MEDIUM,1.0,False,False
SAI,12.0,89.15,MEDIUM,1.0,False,False
SAI,13.0,89.192,MEDIUM,1.0,False,False
SAI,14.0,89.14,MEDIUM,1.0,False,False
SAI,15.0,89.222,MEDIUM,1.0,False,False
SAI,16.0,89.224,MEDIUM,1.0,False,False
SAI,17.0,89.187,MEDIUM,1.0,False,False
SAI,18.0,89.01,MEDIUM,1.0,False,False
SAI,19.0,89.32,MEDIUM,1.0,False,False
SAI,20.0,89.208,MEDIUM,1.0,False,False
SAI,21.0,89.191,MEDIUM,1.0,False,False
SAI,22.0,88.909,MEDIUM,1.0,False,False
SAI,23.0,89.157,MEDIUM,1.0,False,False
SAI,24.0,89.372,MEDIUM,1.0,False,False
SAI,25.0,90.842,MEDIUM,1.0,True,False
SAI,26.0,107.557,HARD,2.0,False,True
SAI,27.0,88.177,HARD,2.0,False,False
SAI,28.0,88.482,HARD,2.0,False,False
SAI,29.0,88.399,HARD,2.0,False,False
SAI,30.0,88.184,HARD,2.0,False,False
SAI,31.0,88.388,HARD,2.0,False,False
SAI,32.0,88.333,HARD,2.0,False,False
SAI,33.0,88.37,HARD,2.0,False,False
SAI,34.0,88.251,HARD,2.0,False,False
SAI,35.0,88.22,HARD,2.0,False,False
SAI,36.0,88.367,HARD,2.0,False,False
SAI,37.0,88.202,HARD,2.0,False,False
SAI,38.0,88.103,HARD,2.0,False,False
SAI,39.0,87.924,HARD,2.0,False,False
SAI,40.0,88.662,HARD,2.0,False,False
SAI,41.0,88.032,HARD,2.0,False,False
SAI,42.0,88.255,HARD,2.0,False,False
SAI,43.0,87.854,HARD,2.0,False,False
SAI,44.0,88.148,HARD,2.0,False,False
SAI,45.0,88.331,HARD,2.0,False,False
SAI,46.0,88.682,HARD,2.0,False,False
SAI,47.0,88.404,HARD,2.0,False,False
SAI,48.0,88.144,HARD,2.0,False,False
SAI,49.0,87.871,HARD,2.0,False,False
SAI,50.0,87.885,HARD,2.0,False,False
SAI,51.0,88.476,HARD,2.0,False,False
SAI,52.0,88.266,HARD,2.0,False,False
SAI,53.0,88.297,HARD,2.0,False,False
SAI,54.0,88.183,HARD,2.0,False,False
SAI,55.0,87.765,HARD,2.0,False,False
SAI,56.0,87.825,HARD,2.0,False,False
SAI,57.0,87.851,HARD,2.0,False,False
SAI,58.0,88.031,HARD,2.0,False,False
DOO,1.0,101.564,MEDIUM,1.0,False,False
DOO,2.0,120.814,MEDIUM,1.0,False,False
DOO,3.0,96.802,MEDIUM,1.0,False,False
DOO,4.0,90.198,MEDIUM,1.0,False,False
DOO,5.0,90.457,MEDIUM,1.0,False,False
DOO,6.0,90.503,MEDIUM,1.0,False,False
DOO,7.0,90.775,MEDIUM,1.0,False,False
DOO,8.0,90.952,MEDIUM,1.0,False,False
DOO,9.0,90.96,MEDIUM,1.0,False,False
DOO,10.0,91.054,MEDIUM,1.0,False,False
DOO,11.0,90.825,MEDIUM,1.0,False,False
DOO,12.0,90.859,MEDIUM,1.0,False,False
DOO,13.0,90.584,MEDIUM,1.0,False,False
DOO,14.0,90.61,MEDIUM,1.0,False,False
DOO,15.0,92.119,MEDIUM,1.0,False,False
DOO,16.0,91.1,MEDIUM,1.0,False,False
DOO,17.0,91.563,MEDIUM,1.0,False,False
DOO,18.0,90.964,MEDIUM,1.0,False,False
DOO,19.0,90.902,MEDIUM,1.0,False,False
DOO,20.0,90.94,MEDIUM,1.0,False,False
DOO,21.0,90.92,MEDIUM,1.0,False,False
DOO,22.0,93.037,MEDIUM,1.0,True,False
DOO,23.0,110.994,HARD,2.0,False,True
DOO,24.0,89.815,HARD,2.0,False,False
DOO,25.0,89.949,HARD,2.0,False,False
DOO,26.0,90.411,HARD,2.0,False,False
DOO,27.0,90.173,HARD,2.0,False,False
DOO,28.0,90.089,HARD,2.0,False,False
DOO,29.0,90.212,HARD,2.0,False,False
DOO,30.0,90.119,HARD,2.0,False,False
DOO,31.0,90.072,HARD,2.0,False,False
DOO,32.0,90.404,HARD,2.0,False,False
DOO,33.0,90.131,HARD,2.0,False,False
DOO,34.0,90.025,HARD,2.0,False,False
DOO,35.0,89.713,HARD,2.0,False,False
DOO,36.0,89.449,HARD,2.0,False,False
DOO,37.0,89.495,HARD,2.0,False,False
DOO,38.0,89.501,HARD,2.0,False,False
DOO,39.0,90.663,HARD,2.0,False,False
DOO,40.0,90.987,HARD,2.0,False,False
DOO,41.0,90.023,HARD,2.0,False,False
DOO,42.0,89.592,HARD,2.0,False,False
DOO,43.0,91.232,HARD,2.0,False,False
DOO,44.0,89.753,HARD,2.0,False,False
DOO,45.0,89.493,HARD,2.0,False,False
DOO,46.0,92.136,HARD,2.0,False,False
DOO,47.0,89.753,HARD,2.0,False,False
DOO,48.0,89.454,HARD,2.0,False,False
DOO,49.0,89.617,HARD,2.0,False,False
DOO,50.0,90.537,HARD,2.0,False,False
DOO,51.0,90.38,HARD,2.0,False,False
DOO,52.0,89.582,HARD,2.0,False,False
DOO,53.0,89.717,HARD,2.0,False,False
DOO,54.0,89.539,HARD,2.0,False,False
DOO,55.0,89.647,HARD,2.0,False,False
DOO,56.0,89.121,HARD,2.0,False,False
DOO,57.0,89.566,HARD,2.0,False,False
RUS,1.0,94.679,MEDIUM,1.0,False,False
RUS,2.0,109.838,MEDIUM,1.0,False,False
RUS,3.0,102.811,MEDIUM,1.0,False,False
RUS,4.0,89.488,MEDIUM,1.0,False,False
RUS,5.0,89.796,MEDIUM,1.0,False,False
RUS,6.0,89.791,MEDIUM,1.0,False,False
RUS,7.0,89.738,MEDIUM,1.0,False,False
RUS,8.0,89.988,MEDIUM,1.0,False,False
RUS,9.0,89.816,MEDIUM,1.0,False,False
RUS,10.0,90.056,MEDIUM,1.0,False,False
RUS,11.0,90.055,MEDIUM,1.0,False,False
RUS,12.0,90.038,MEDIUM,1.0,False,False
RUS,13.0,90.08,MEDIUM,1.0,False,False
RUS,14.0,89.967,MEDIUM,1.0,False,False
RUS,15.0,90.094,MEDIUM,1.0,False,False
RUS,16.0,89.795,MEDIUM,1.0,False,False
RUS,17.0,89.766,MEDIUM,1.0,False,False
RUS,18.0,89.919,MEDIUM,1.0,False,False
RUS,19.0,89.857,MEDIUM,1.0,False,False
RUS,20.0,89.903,MEDIUM,1.0,False,False
RUS,21.0,90.368,MEDIUM,1.0,False,False
RUS,22.0,89.896,MEDIUM,1.0,False,False
RUS,23.0,90.295,MEDIUM,1.0,False,False
RUS,24.0,89.922,MEDIUM,1.0,False,False
RUS,25.0,89.945,MEDIUM,1.0,False,False
RUS,26.0,92.057,MEDIUM,1.0,True,False
RUS,27.0,108.853,HARD,2.0,False,True
RUS,28.0,88.47,HARD,2.0,False,False
RUS,29.0,88.48,HARD,2.0,False,False
RUS,30.0,88.35,HARD,2.0,False,False
RUS,31.0,88.981,HARD,2.0,False,False
RUS,32.0,88.447,HARD,2.0,False,False
RUS,33.0,88.611,HARD,2.0,False,False
RUS,34.0,88.373,HARD,2.0,False,False
RUS,35.0,88.473,HARD,2.0,False,False
RUS,36.0,88.501,HARD,2.0,False,False
RUS,37.0,88.498,HARD,2.0,False,False
RUS,38.0,88.463,HARD,2.0,False,False
RUS,39.0,88.329,HARD,2.0,False,False
RUS,40.0,88.454,HARD,2.0,False,False
RUS,41.0,88.677,HARD,2.0,False,False
RUS,42.0,88.438,HARD,2.0,False,False
RUS,43.0,88.329,HARD,2.0,False,False
RUS,44.0,88.436,HARD,2.0,False,False
RUS,45.0,88.709,HARD,2.0,False,False
RUS,46.0,88.549,HARD,2.0,False,False
RUS,47.0,88.836,HARD,2.0,False,False
RUS,48.0,88.505,HARD,2.0,False,False
RUS,49.0,88.42,HARD,2.0,False,False
RUS,50.0,88.623,HARD,2.0,False,False
RUS,51.0,88.25,HARD,2.0,False,False
RUS,52.0,88.394,HARD,2.0,False,False
RUS,53.0,88.687,HARD,2.0,False,False
RUS,54.0,88.38,HARD,2.0,False,False
RUS,55.0,88.361,HARD,2.0,False,False
RUS,56.0,88.195,HARD,2.0,False,False
RUS,57.0,88.207,HARD,2.0,False,False
RUS,58.0,89.592,HARD,2.0,False,False
BOT,1.0,100.183,MEDIUM,1.0,False,False
BOT,2.0,117.544,MEDIUM,1.0,False,False
BOT,3.0,98.101,MEDIUM,1.0,False,False
BOT,4.0,89.944,MEDIUM,1.0,False,False
BOT,5.0,90.474,MEDIUM,1.0,False,False
BOT,6.0,93.388,MEDIUM,1.0,True,False
BOT,7.0,130.132,HARD,2.0,False,True
BOT,8.0,89.597,HARD,2.0,False,False
BOT,9.0,89.903,HARD,2.0,False,False
BOT,10.0,89.838,HARD,2.0,False,False
BOT,11.0,89.893,HARD,2.0,False,False
BOT,12.0,89.883,HARD,2.0,False,False
BOT,13.0,89.812,HARD,2.0,False,False
BOT,14.0,89.482,HARD,2.0,False,False
BOT,15.0,89.572,HARD,2.0,False,False
BOT,16.0,89.582,HARD,2.0,False,False
BOT,17.0,89.819,HARD,2.0,False,False
BOT,18.0,89.68,HARD,2.0,False,False
BOT,19.0,90.046,HARD,2.0,False,False
BOT,20.0,90.103,HARD,2.0,False,False
BOT,21.0,89.823,HARD,2.0,False,False
BOT,22.0,90.476,HARD,2.0,False,False
BOT,23.0,90.799,HARD,2.0,False,False
BOT,24.0,90.673,HARD,2.0,False,False
BOT,25.0,91.52,HARD,2.0,False,False
BOT,26.0,91.252,HARD,2.0,False,False
BOT,27.0,90.814,HARD,2.0,False,False
BOT,28.0,90.702,HARD,2.0,False,False
BOT,29.0,90.691,HARD,2.0,False,False
BOT,30.0,143.554,HARD,2.0,True,False
PIA,1.0,103.757,MEDIUM,1.0,False,False
PIA,2.0,121.916,MEDIUM,1.0,False,False
PIA,3.0,94.86,MEDIUM,1.0,False,False
PIA,4.0,92.201,MEDIUM,1.0,True,False
PIA,5.0,110.887,HARD,2.0,False,True
PIA,6.0,88.95,HARD,2.0,False,False
PIA,7.0,89.152,HARD,2.0,False,False
PIA,8.0,89.482,HARD,2.0,False,False
PIA,9.0,89.553,HARD,2.0,False,False
PIA,10.0,89.669,HARD,2.0,False,False
PIA,11.0,89.317,HARD,2.0,False,False
PIA,12.0,89.841,HARD,2.0,False,False
PIA,13.0,89.567,HARD,2.0,False,False
PIA,14.0,89.319,HARD,2.0,False,False
PIA,15.0,89.895,HARD,2.0,False,False
PIA,16.0,89.904,HARD,2.0,False,False
PIA,17.0,89.659,HARD,2.0,False,False
PIA,18.0,89.607,HARD,2.0,False,False
PIA,19.0,90.058,HARD,2.0,False,False
PIA,20.0,90.191,HARD,2.0,False,False
PIA,21.0,90.277,HARD,2.0,False,False
PIA,22.0,90.173,HARD,2.0,False,False
PIA,23.0,89.661,HARD,2.0,False,False
PIA,24.0,89.79,HARD,2.0,False,False
PIA,25.0,89.894,HARD,2.0,False,False
PIA,26.0,89.669,HARD,2.0,False,False
PIA,27.0,89.631,HARD,2.0,False,False
PIA,28.0,90.036,HARD,2.0,False,False
PIA,29.0,89.735,HARD,2.0,False,False
PIA,30.0,89.907,HARD,2.0,False,False
PIA,31.0,90.169,HARD,2.0,False,False
PIA,32.0,91.627,HARD,2.0,True,False
PIA,33.0,120.448,HARD,3.0,False,True
PIA,34.0,88.576,HARD,3.0,False,False
PIA,35.0,88.193,HARD,3.0,False,False
PIA,36.0,87.931,HARD,3.0,False,False
PIA,37.0,88.469,HARD,3.0,False,False
PIA,38.0,88.238,HARD,3.0,False,False
PIA,39.0,88.206,HARD,3.0,False,False
PIA,40.0,88.325,HARD,3.0,False,False
PIA,41.0,88.112,HARD,3.0,False,False
PIA,42.0,88.067,HARD,3.0,False,False
PIA,43.0,88.052,HARD,3.0,False,False
PIA,44.0,88.497,HARD,3.0,False,False
PIA,45.0,90.015,HARD,3.0,False,False
PIA,46.0,89.677,HARD,3.0,False,False
PIA,47.0,89.671,HARD,3.0,False,False
PIA,48.0,88.407,HARD,3.0,False,False
PIA,49.0,87.928,HARD,3.0,False,False
PIA,50.0,87.705,HARD,3.0,False,False
PIA,51.0,87.69,HARD,3.0,False,False
PIA,52.0,88.491,HARD,3.0,False,False
PIA,53.0,88.168,HARD,3.0,False,False
PIA,54.0,87.731,HARD,3.0,False,False
PIA,55.0,87.781,HARD,3.0,False,False
PIA,56.0,87.816,HARD,3.0,False,False
PIA,57.0,88.554,HARD,3.0,False,False
PIA,58.0,88.01,HARD,3.0,False,False
